RMSE,MAE,RMSE Sale,MAE Sale,Hit Rate K = 5,Hit Rate K = 10
0.2389755098697662,0.07635428616586902,1.88871824109795,1.8845470664456774,0.24202020202020202,0.3616161616161616
