RMSE,MAE,RMSE Sale,MAE Sale,Hit Rate K = 5,Hit Rate K = 10
0.04575427382053749,0.03063007884780614,0.2464864998934262,0.24444877430118805,0.03797979797979798,0.07393939393939394
