RMSE,MAE,RMSE Sale,MAE Sale,Hit Rate K = 5,Hit Rate K = 10
0.12175053114313152,0.05370468680242553,0.9571566569425841,0.955181843529717,0.03636363636363636,0.07151515151515152
