RMSE,MAE,RMSE Sale,MAE Sale,Hit Rate K = 5,Hit Rate K = 10
0.342040131283983,0.2281564965125268,1.9748844481084313,1.9609527879546573,0.02909090909090909,0.06262626262626263
