RMSE,MAE,RMSE Sale,MAE Sale,Hit Rate K = 5,Hit Rate K = 10
0.24189462000943068,0.08221309738528702,1.8833381668493707,1.876391379338697,0.21818181818181817,0.33494949494949494
